CODE_TYPE,CODE_VALUE,CATG,SUBCATG,,,,,
GCN,16286,LAO,LAO_Oxycodone,,,,,
GCN,16640,LAO,LAO_Morphine,,,,,
GCN,19201,LAO,LAO_Fentanyl,,,,,
GCN,16643,LAO,LAO_Morphine,,,,,
GCN,19203,LAO,LAO_Fentanyl,,,,,
GCN,16284,LAO,LAO_Oxycodone,,,,,
GCN,37165,LAO,LAO_Oxycodone,,,,,
GCN,19200,LAO,LAO_Fentanyl,,,,,
GCN,37161,LAO,LAO_Oxycodone,,,,,
GCN,26387,LAO,LAO_Tramadol,,,,,
GCN,19202,LAO,LAO_Fentanyl,,,,,
GCN,37163,LAO,LAO_Oxycodone,,,,,
GCN,27253,LAO,LAO_Oxymorphone,,,,,
GCN,16283,LAO,LAO_Oxycodone,,,,,
GCN,16641,LAO,LAO_Morphine,,,,,
GCN,50417,LAO,LAO_Tramadol,,,,,
GCN,37158,LAO,LAO_Oxycodone,,,,,
GCN,37162,LAO,LAO_Oxycodone,,,,,
GCN,37164,LAO,LAO_Oxycodone,,,,,
GCN,27249,LAO,LAO_Oxymorphone,,,,,
GCN,24635,LAO,LAO_Fentanyl,,,,,
GCN,16642,LAO,LAO_Morphine,,,,,
GCN,16282,LAO,LAO_Oxycodone,,,,,
GCN,50427,LAO,LAO_Tramadol,,,,,
GCN,33919,LAO,LAO_Oxymorphone,,,,,
GCN,27248,LAO,LAO_Oxymorphone,,,,,
GCN,99494,LAO,LAO_Oxymorphone,,,,,
GCN,37159,LAO,LAO_Oxycodone,,,,,
GCN,33917,LAO,LAO_Oxymorphone,,,,,
GCN,26492,LAO,LAO_Morphine,,,,,
GCN,25312,LAO,LAO_Buprenorphine,,,,,
GCN,25309,LAO,LAO_Buprenorphine,,,,,
GCN,97534,LAO,LAO_Morphine,,,,,
GCN,33918,LAO,LAO_Oxymorphone,,,,,
GCN,99239,LAO,LAO_Oxycodone,,,,,
GCN,26494,LAO,LAO_Morphine,,,,,
GCN,97535,LAO,LAO_Morphine,,,,,
GCN,26493,LAO,LAO_Morphine,,,,,
GCN,25308,LAO,LAO_Buprenorphine,,,,,
GCN,27247,LAO,LAO_Oxymorphone,,,,,
GCN,33916,LAO,LAO_Oxymorphone,,,,,
GCN,16078,LAO,LAO_Morphine,,,,,
GCN,17193,LAO,LAO_Morphine,,,,,
GCN,33142,LAO,LAO_Hydromorphone,,,,,
GCN,17192,LAO,LAO_Morphine,,,,,
GCN,99493,LAO,LAO_Oxymorphone,,,,,
GCN,29788,LAO,LAO_Tapentadol,,,,,
GCN,17189,LAO,LAO_Morphine,,,,,
GCN,99152,LAO,LAO_Tramadol,,,,,
GCN,17191,LAO,LAO_Morphine,,,,,
GCN,99151,LAO,LAO_Tramadol,,,,,
GCN,29787,LAO,LAO_Tapentadol,,,,,
GCN,26490,LAO,LAO_Morphine,,,,,
GCN,29789,LAO,LAO_Tapentadol,,,,,
GCN,29791,LAO,LAO_Tapentadol,,,,,
GCN,33143,LAO,LAO_Hydromorphone,,,,,
GCN,99153,LAO,LAO_Tramadol,,,,,
GCN,99238,LAO,LAO_Oxycodone,,,,,
GCN,28427,LAO,LAO_Hydromorphone,,,,,
GCN,97508,LAO,LAO_Morphine,,,,,
GCN,35214,LAO,LAO_Buprenorphine,,,,,
GCN,27526,LAO,LAO_Morphine combinations,,,,,
GCN,29792,LAO,LAO_Tapentadol,,,,,
GCN,33915,LAO,LAO_Oxymorphone,,,,,
GCN,37952,LAO,LAO_Fentanyl,,,,,
GCN,27535,LAO,LAO_Morphine combinations,,,,,
GCN,33833,LAO,LAO_Oxymorphone,,,,,
GCN,33088,LAO,LAO_Hydromorphone,,,,,
GCN,99492,LAO,LAO_Oxymorphone,,,,,
GCN,41272,LAO,LAO_Oxycodone,,,,,
GCN,27536,LAO,LAO_Morphine combinations,,,,,
GCN,98135,LAO,LAO_Morphine,,,,,
GCN,37539,LAO,LAO_Hydrocodone,,,,,
GCN,36946,LAO,LAO_Buprenorphine,,,,,
GCN,30382,LAO,LAO_Tramadol,,,,,
GCN,30383,LAO,LAO_Tramadol,,,,,
GCN,27537,LAO,LAO_Morphine combinations,,,,,
GCN,39853,LAO,LAO_Morphine,,,,,
GCN,37685,LAO,LAO_Morphine combinations,,,,,
GCN,37544,LAO,LAO_Hydrocodone,,,,,
GCN,37541,LAO,LAO_Hydrocodone,,,,,
GCN,37543,LAO,LAO_Hydrocodone,,,,,
GCN,27539,LAO,LAO_Morphine combinations,,,,,
GCN,38057,LAO,LAO_Hydrocodone,,,,,
GCN,41274,LAO,LAO_Oxycodone,,,,,
GCN,33158,LAO,LAO_Morphine,,,,,
GCN,38061,LAO,LAO_Hydrocodone,,,,,
GCN,16212,LAO,LAO_Morphine,,,,,
GCN,37686,LAO,LAO_Morphine combinations,,,,,
GCN,38058,LAO,LAO_Hydrocodone,,,,,
GCN,37688,LAO,LAO_Morphine combinations,,,,,
GCN,39966,LAO,LAO_Buprenorphine,,,,,
GCN,41276,LAO,LAO_Oxycodone,,,,,
GCN,41273,LAO,LAO_Oxycodone,,,,,
GCN,37545,LAO,LAO_Hydrocodone,,,,,
GCN,27538,LAO,LAO_Morphine combinations,,,,,
GCN,33832,LAO,LAO_Oxymorphone,,,,,
GCN,30384,LAO,LAO_Tramadol,,,,,
GCN,41275,LAO,LAO_Oxycodone,,,,,
GCN,39965,LAO,LAO_Buprenorphine,,,,,
GCN,16213,LAO,LAO_Morphine,,,,,
GCN,37947,LAO,LAO_Fentanyl,,,,,
GCN,39959,LAO,LAO_Buprenorphine,,,,,
GCN,37687,LAO,LAO_Morphine combinations,,,,,
GCN,39854,LAO,LAO_Morphine,,,,,
GCN,37689,LAO,LAO_Morphine combinations,,,,,
GCN,38059,LAO,LAO_Hydrocodone,,,,,
GCN,38062,LAO,LAO_Hydrocodone,,,,,
GCN,39855,LAO,LAO_Morphine,,,,,
GCN,39967,LAO,LAO_Buprenorphine,,,,,
GCN,35504,LAO,LAO_Hydrocodone,,,,,
GCN,37948,LAO,LAO_Fentanyl,,,,,
GCN,37692,LAO,LAO_Morphine combinations,,,,,
GCN,35365,LAO,LAO_Hydrocodone,,,,,
GCN,39975,LAO,LAO_Buprenorphine,,,,,
GCN,37547,LAO,LAO_Hydrocodone,,,,,
GCN,39968,LAO,LAO_Buprenorphine,,,,,
GCN,33162,LAO,LAO_Morphine,,,,,
GCN,35507,LAO,LAO_Hydrocodone,,,,,
GCN,35506,LAO,LAO_Hydrocodone,,,,,
GCN,38063,LAO,LAO_Hydrocodone,,,,,
GCN,35505,LAO,LAO_Hydrocodone,,,,,
GCN,37546,LAO,LAO_Hydrocodone,,,,,
GCN,39969,LAO,LAO_Buprenorphine,,,,,
GCN,39856,LAO,LAO_Morphine,,,,,
GCN,31556,LAO,LAO_Tramadol,,,,,
GCN,33164,LAO,LAO_Morphine,,,,,
GCN,42932,LAO,LAO_Morphine,,,,,
GCN,33159,LAO,LAO_Morphine,,,,,
GCN,42933,LAO,LAO_Morphine,,,,,
RATE,H0020,MAT,MAT_MMTP Clinic Treatment,,,,,
RATE,W0098,MAT,MAT_MMTP Clinic Treatment,,,,,
RATE,W0143,MAT,MAT_MMTP Clinic Treatment,,,,,
RATE,01615,MAT,MAT_MMTP Clinic Treatment,,,,,
RATE,01618,MAT,MAT_MMTP Clinic Treatment,,,,,
RATE,01671,MAT,MAT_MMTP Clinic Treatment,,,,,
RATE,02973,MAT,MAT_MMTP Clinic Treatment,,,,,
RATE,02531,MAT,MAT_MMTP Clinic Treatment,,,,,
RATE,02532,MAT,MAT_MMTP Clinic Treatment,,,,,
RATE,02533,MAT,MAT_MMTP Clinic Treatment,,,,,
RATE,02534,MAT,MAT_MMTP Clinic Treatment,,,,,
RATE,01531,MAT,MAT_MMTP Clinic Treatment,,,,,
RATE,01543,MAT,MAT_MMTP Clinic Treatment,,,,,
RATE,01564,MAT,MAT_MMTP Clinic Treatment,,,,,
RATE,01567,MAT,MAT_MMTP Clinic Treatment,,,,,
RATE,01134,MAT,MAT_MMTP Clinic Treatment,,,,,
RATE,01130,MAT,MAT_MMTP Clinic Treatment,,,,,
RATE,01116,MAT,MAT_MMTP Clinic Treatment,,,,,
RATE,01120,MAT,MAT_MMTP Clinic Treatment,,,,,
RATE,01117,MAT,MAT_MMTP Clinic Treatment,,,,,
RATE,01121,MAT,MAT_MMTP Clinic Treatment,,,,,
PROC,J2315,MAT,MAT_MMTP Physician Administered,,,,,
PROC,J0571,MAT,MAT_MMTP Physician Administered,,,,,
PROC,J0572,MAT,MAT_MMTP Physician Administered,,,,,
PROC,J0573,MAT,MAT_MMTP Physician Administered,,,,,
PROC,J0574,MAT,MAT_MMTP Physician Administered,,,,,
PROC,J0575,MAT,MAT_MMTP Physician Administered,,,,,
PROC,J0570,MAT,MAT_MMTP Physician Administered,,,,,
PROC,Q9991,MAT,MAT_MMTP Physician Administered,,,,,
PROC,Q9992,MAT,MAT_MMTP Physician Administered,,,,,
PROC,J0592,MAT,MAT_MMTP Physician Administered,,,,,
PROC,H0020,MAT,MAT_MMTP Physician Administered,,,,,
PROC,H0033,MAT,MAT_MMTP Physician Administered,,,,,
GCN,17131,MAT,MAT_Naloxone Opioid Reversal (Acute OD),,,,,
GCN,17150,MAT,MAT_Naloxone Opioid Reversal (Acute OD),,,,,
GCN,17140,MAT,MAT_Naloxone Opioid Reversal (Acute OD),,,,,
GCN,45132,MAT,MAT_Naloxone Opioid Reversal (Acute OD),,,,,
GCN,17142,MAT,MAT_Naloxone Opioid Reversal (Acute OD),,,,,
GCN,36342,MAT,MAT_Naloxone Opioid Reversal (Acute OD),,,,,
GCN,42502,MAT,MAT_Naloxone Opioid Reversal (Acute OD),,,,,
GCN,17151,MAT,MAT_Naloxone Opioid Reversal (Acute OD),,,,,
GCN,17132,MAT,MAT_Naloxone Opioid Reversal (Acute OD),,,,,
GCN,40233,MAT,MAT_Naloxone Opioid Reversal (Acute OD),,,,,
GCN,49597,MAT,MAT_Naloxone Opioid Reversal (Acute OD),,,,,
GCN,51374,MAT,MAT_Naloxone Opioid Reversal (Acute OD),,,,,
PROC,J2310,MAT,MAT_Physician Administered Reversal,,,,,
GCN,07242,NOAD,NOAD_Skeletal Muscle Relaxants H6H,,,,,
GCN,18010,NOAD,NOAD_Skeletal Muscle Relaxants H6H,,,,,
GCN,18011,NOAD,NOAD_Skeletal Muscle Relaxants H6H,,,,,
GCN,18012,NOAD,NOAD_Skeletal Muscle Relaxants H6H,,,,,
GCN,24370,NOAD,NOAD_Skeletal Muscle Relaxants H6H,,,,,
GCN,24371,NOAD,NOAD_Skeletal Muscle Relaxants H6H,,,,,
GCN,29376,NOAD,NOAD_Skeletal Muscle Relaxants H6H,,,,,
GCN,29377,NOAD,NOAD_Skeletal Muscle Relaxants H6H,,,,,
GCN,29378,NOAD,NOAD_Skeletal Muscle Relaxants H6H,,,,,
GCN,32435,NOAD,NOAD_Skeletal Muscle Relaxants H6H,,,,,
GCN,34046,NOAD,NOAD_Skeletal Muscle Relaxants H6H,,,,,
GCN,34047,NOAD,NOAD_Skeletal Muscle Relaxants H6H,,,,,
GCN,34048,NOAD,NOAD_Skeletal Muscle Relaxants H6H,,,,,
GCN,64209,NOAD,NOAD_Skeletal Muscle Relaxants H6H,,,,,
GCN,17912,NOAD,NOAD_Skeletal Muscle Relaxants H6H,,,,,
GCN,98857,NOAD,NOAD_Skeletal Muscle Relaxants H6H,,,,,
GCN,94380,NOAD,NOAD_Skeletal Muscle Relaxants H6H,,,,,
GCN,17900,NOAD,NOAD_Skeletal Muscle Relaxants H6H,,,,,
GCN,17901,NOAD,NOAD_Skeletal Muscle Relaxants H6H,,,,,
GCN,30715,NOAD,NOAD_Skeletal Muscle Relaxants H6H,,,,,
GCN,30716,NOAD,NOAD_Skeletal Muscle Relaxants H6H,,,,,
GCN,12805,NOAD,NOAD_Skeletal Muscle Relaxants H6H,,,,,
GCN,18020,NOAD,NOAD_Skeletal Muscle Relaxants H6H,,,,,
GCN,97959,NOAD,NOAD_Skeletal Muscle Relaxants H6H,,,,,
GCN,97960,NOAD,NOAD_Skeletal Muscle Relaxants H6H,,,,,
GCN,98299,NOAD,NOAD_Skeletal Muscle Relaxants H6H,,,,,
GCN,43871,NOAD,NOAD_Skeletal Muscle Relaxants H6H,,,,,
GCN,43869,NOAD,NOAD_Skeletal Muscle Relaxants H6H,,,,,
GCN,17920,NOAD,NOAD_Skeletal Muscle Relaxants H6H,,,,,
GCN,91765,NOAD,NOAD_Skeletal Muscle Relaxants H6H,,,,,
GCN,17881,NOAD,NOAD_Skeletal Muscle Relaxants H6H,,,,,
GCN,17892,NOAD,NOAD_Skeletal Muscle Relaxants H6H,,,,,
GCN,17893,NOAD,NOAD_Skeletal Muscle Relaxants H6H,,,,,
GCN,17653,NOAD,NOAD_Skeletal Muscle Relaxants H6H,,,,,
GCN,17670,NOAD,NOAD_Skeletal Muscle Relaxants H6H,,,,,
GCN,71200,NOAD,NOAD_Skeletal Muscle Relaxants H6H,,,,,
GCN,14690,NOAD,NOAD_Skeletal Muscle Relaxants H6H,,,,,
GCN,14693,NOAD,NOAD_Skeletal Muscle Relaxants H6H,,,,,
GCN,24433,NOAD,NOAD_Skeletal Muscle Relaxants H6H,,,,,
GCN,24434,NOAD,NOAD_Skeletal Muscle Relaxants H6H,,,,,
GCN,24435,NOAD,NOAD_Skeletal Muscle Relaxants H6H,,,,,
GCN,45883,NOAD,NOAD_Anti-Inflamatory NSAIDS-Topical,,,,,
GCN,97958,NOAD,NOAD_Anti-Inflamatory NSAIDS-Topical,,,,,
GCN,19454,NOAD,NOAD_Anti-Inflamatory NSAIDS-Topical,,,,,
GCN,35936,NOAD,NOAD_Anti-Inflamatory NSAIDS-Topical,,,,,
GCN,42358,NOAD,NOAD_Anti-Inflamatory NSAIDS-Topical,,,,,
GCN,43213,NOAD,NOAD_Anti-Inflamatory NSAIDS-Topical,,,,,
GCN,44989,NOAD,NOAD_Anti-Inflamatory NSAIDS-Topical,,,,,
GCN,45680,NOAD,NOAD_Anti-Inflamatory NSAIDS-Topical,,,,,
GCN,42197,NOAD,NOAD_Anti-Inflamatory NSAIDS-Topical,,,,,
GCN,44394,NOAD,NOAD_Anti-Inflamatory NSAIDS-Topical,,,,,
GCN,39043,NOAD,NOAD_Anti-Inflamatory NSAIDS-Topical,,,,,
GCN,47035,NOAD,NOAD_Anti-Inflamatory NSAIDS-Topical,,,,,
GCN,40952,NOAD,NOAD_Anti-Inflamatory NSAIDS-Topical,,,,,
GCN,42734,NOAD,NOAD_Anti-Inflamatory NSAIDS-Topical,,,,,
GCN,47043,NOAD,NOAD_Anti-Inflamatory NSAIDS-Topical,,,,,
GCN,48046,NOAD,NOAD_Anti-Inflamatory NSAIDS-Topical,,,,,
GCN,41408,NOAD,NOAD_Anti-Inflamatory NSAIDS-Topical,,,,,
GCN,44224,NOAD,NOAD_Anti-Inflamatory NSAIDS-Topical,,,,,
GCN,46747,NOAD,NOAD_Anti-Inflamatory NSAIDS-Topical,,,,,
GCN,44993,NOAD,NOAD_Anti-Inflamatory NSAIDS-Topical,,,,,
GCN,43551,NOAD,NOAD_Anti-Inflamatory NSAIDS-Topical,,,,,
GCN,13960,NOAD,NOAD_NSAID-Oral,,,,,
GCN,27392,NOAD,NOAD_NSAID-Oral,,,,,
GCN,13310,NOAD,NOAD_NSAID-Oral,,,,,
GCN,35850,NOAD,NOAD_NSAID-Oral,,,,,
GCN,35851,NOAD,NOAD_NSAID-Oral,,,,,
GCN,35852,NOAD,NOAD_NSAID-Oral,,,,,
GCN,35499,NOAD,NOAD_NSAID-Oral,,,,,
GCN,35503,NOAD,NOAD_NSAID-Oral,,,,,
GCN,33870,NOAD,NOAD_NSAID-Oral,,,,,
GCN,33871,NOAD,NOAD_NSAID-Oral,,,,,
GCN,61761,NOAD,NOAD_NSAID-Oral,,,,,
GCN,61762,NOAD,NOAD_NSAID-Oral,,,,,
GCN,61765,NOAD,NOAD_NSAID-Oral,,,,,
GCN,61766,NOAD,NOAD_NSAID-Oral,,,,,
GCN,61767,NOAD,NOAD_NSAID-Oral,,,,,
GCN,27999,NOAD,NOAD_NSAID-Oral,,,,,
GCN,35750,NOAD,NOAD_NSAID-Oral,,,,,
GCN,35760,NOAD,NOAD_NSAID-Oral,,,,,
GCN,35710,NOAD,NOAD_NSAID-Oral,,,,,
GCN,35711,NOAD,NOAD_NSAID-Oral,,,,,
GCN,27376,NOAD,NOAD_NSAID-Oral,,,,,
GCN,35431,NOAD,NOAD_NSAID-Oral,,,,,
GCN,35741,NOAD,NOAD_NSAID-Oral,,,,,
GCN,35742,NOAD,NOAD_NSAID-Oral,,,,,
GCN,35743,NOAD,NOAD_NSAID-Oral,,,,,
GCN,35744,NOAD,NOAD_NSAID-Oral,,,,,
GCN,35747,NOAD,NOAD_NSAID-Oral,,,,,
GCN,35749,NOAD,NOAD_NSAID-Oral,,,,,
GCN,35930,NOAD,NOAD_NSAID-Oral,,,,,
GCN,35931,NOAD,NOAD_NSAID-Oral,,,,,
GCN,47293,NOAD,NOAD_NSAID-Oral,,,,,
GCN,20240,NOAD,NOAD_NSAID-Oral,,,,,
GCN,35680,NOAD,NOAD_NSAID-Oral,,,,,
GCN,35681,NOAD,NOAD_NSAID-Oral,,,,,
GCN,35690,NOAD,NOAD_NSAID-Oral,,,,,
GCN,36490,NOAD,NOAD_NSAID-Oral,,,,,
GCN,38456,NOAD,NOAD_NSAID-Oral,,,,,
GCN,38457,NOAD,NOAD_NSAID-Oral,,,,,
GCN,33792,NOAD,NOAD_NSAID-Oral,,,,,
GCN,34420,NOAD,NOAD_NSAID-Oral,,,,,
GCN,34421,NOAD,NOAD_NSAID-Oral,,,,,
GCN,34422,NOAD,NOAD_NSAID-Oral,,,,,
GCN,32531,NOAD,NOAD_NSAID-Oral,,,,,
GCN,35810,NOAD,NOAD_NSAID-Oral,,,,,
GCN,35811,NOAD,NOAD_NSAID-Oral,,,,,
GCN,16530,NOAD,NOAD_NSAID-Oral,,,,,
GCN,31661,NOAD,NOAD_NSAID-Oral,,,,,
GCN,31662,NOAD,NOAD_NSAID-Oral,,,,,
GCN,37705,NOAD,NOAD_NSAID-Oral,,,,,
GCN,45744,NOAD,NOAD_NSAID-Oral,,,,,
GCN,47743,NOAD,NOAD_NSAID-Oral,,,,,
GCN,40217,NOAD,NOAD_NSAID-Oral,,,,,
GCN,40218,NOAD,NOAD_NSAID-Oral,,,,,
GCN,32961,NOAD,NOAD_NSAID-Oral,,,,,
GCN,32962,NOAD,NOAD_NSAID-Oral,,,,,
GCN,94457,NOAD,NOAD_NSAID-Oral,,,,,
GCN,35790,NOAD,NOAD_NSAID-Oral,,,,,
GCN,35792,NOAD,NOAD_NSAID-Oral,,,,,
GCN,35793,NOAD,NOAD_NSAID-Oral,,,,,
GCN,41670,NOAD,NOAD_NSAID-Oral,,,,,
GCN,61850,NOAD,NOAD_NSAID-Oral,,,,,
GCN,61851,NOAD,NOAD_NSAID-Oral,,,,,
GCN,16134,NOAD,NOAD_NSAID-Oral,,,,,
GCN,29254,NOAD,NOAD_NSAID-Oral,,,,,
GCN,47130,NOAD,NOAD_NSAID-Oral,,,,,
GCN,47131,NOAD,NOAD_NSAID-Oral,,,,,
GCN,47132,NOAD,NOAD_NSAID-Oral,,,,,
GCN,92253,NOAD,NOAD_NSAID-Oral,,,,,
GCN,98900,NOAD,NOAD_NSAID-Oral,,,,,
GCN,01750,NOAD,NOAD_NSAID-Oral,,,,,
GCN,35820,NOAD,NOAD_NSAID-Oral,,,,,
GCN,35821,NOAD,NOAD_NSAID-Oral,,,,,
GCN,35800,NOAD,NOAD_NSAID-Oral,,,,,
GCN,35801,NOAD,NOAD_NSAID-Oral,,,,,
GCN,35770,NOAD,NOAD_NSAID-Oral,,,,,
GCN,35780,NOAD,NOAD_NSAID-Oral,,,,,
GCN,35781,NOAD,NOAD_NSAID-Oral,,,,,
GCN,06263,NOAD,NOAD_NSAID Combinations,,,,,
GCN,62729,NOAD,NOAD_NSAID Combinations,,,,,
GCN,30547,NOAD,NOAD_NSAID Combinations,,,,,
GCN,28570,NOAD,NOAD_NSAID Combinations,,,,,
GCN,28572,NOAD,NOAD_NSAID Combinations,,,,,
GCN,18127,NOAD,NOAD_COX-2 Inhibitors,,,,,
GCN,42001,NOAD,NOAD_COX-2 Inhibitors,,,,,
GCN,42002,NOAD,NOAD_COX-2 Inhibitors,,,,,
GCN,97785,NOAD,NOAD_COX-2 Inhibitors,,,,,
GCN,44334,NOAD,NOAD_Topical Local Anesthetics,,,,,
GCN,30660,NOAD,NOAD_Topical Local Anesthetics,,,,,
GCN,30661,NOAD,NOAD_Topical Local Anesthetics,,,,,
GCN,34792,NOAD,NOAD_Topical Local Anesthetics,,,,,
GCN,45952,NOAD,NOAD_Topical Local Anesthetics,,,,,
GCN,45953,NOAD,NOAD_Topical Local Anesthetics,,,,,
GCN,24366,NOAD,NOAD_Topical Local Anesthetics,,,,,
GCN,30671,NOAD,NOAD_Topical Local Anesthetics,,,,,
GCN,36715,NOAD,NOAD_Topical Local Anesthetics,,,,,
GCN,68910,NOAD,NOAD_Topical Local Anesthetics,,,,,
GCN,30730,NOAD,NOAD_Topical Local Anesthetics,,,,,
GCN,47592,NOAD,NOAD_Topical Local Anesthetics,,,,,
GCN,30460,NOAD,NOAD_Topical Local Anesthetics,,,,,
GCN,98403,NOAD,NOAD_Topical Local Anesthetics,,,,,
GCN,47423,NOAD,NOAD_Topical Local Anesthetics,,,,,
GCN,29228,NOAD,NOAD_Topical Local Anesthetics,,,,,
GCN,33405,NOAD,NOAD_Topical Local Anesthetics,,,,,
GCN,33406,NOAD,NOAD_Topical Local Anesthetics,,,,,
GCN,43161,NOAD,NOAD_Topical Local Anesthetics,,,,,
GCN,45846,NOAD,NOAD_Topical Local Anesthetics,,,,,
GCN,19125,NOAD,NOAD_Topical Local Anesthetics,,,,,
GCN,30750,NOAD,NOAD_Topical Local Anesthetics,,,,,
GCN,31517,NOAD,NOAD_Topical Local Anesthetics,,,,,
GCN,37661,NOAD,NOAD_Topical Local Anesthetics,,,,,
GCN,43285,NOAD,NOAD_Topical Local Anesthetics,,,,,
GCN,43384,NOAD,NOAD_Topical Local Anesthetics,,,,,
GCN,44495,NOAD,NOAD_Topical Local Anesthetics,,,,,
GCN,45049,NOAD,NOAD_Topical Local Anesthetics,,,,,
GCN,47383,NOAD,NOAD_Topical Local Anesthetics,,,,,
GCN,47388,NOAD,NOAD_Topical Local Anesthetics,,,,,
GCN,48004,NOAD,NOAD_Topical Local Anesthetics,,,,,
GCN,50272,NOAD,NOAD_Topical Local Anesthetics,,,,,
GCN,60050,NOAD,NOAD_Topical Local Anesthetics,,,,,
GCN,95405,NOAD,NOAD_Topical Local Anesthetics,,,,,
GCN,97062,NOAD,NOAD_Topical Local Anesthetics,,,,,
GCN,20883,NOAD,NOAD_Topical Local Anesthetics,,,,,
GCN,30480,NOAD,NOAD_Topical Local Anesthetics,,,,,
GCN,31093,NOAD,NOAD_Topical Local Anesthetics,,,,,
GCN,34392,NOAD,NOAD_Topical Local Anesthetics,,,,,
GCN,35029,NOAD,NOAD_Topical Local Anesthetics,,,,,
GCN,36146,NOAD,NOAD_Topical Local Anesthetics,,,,,
GCN,36594,NOAD,NOAD_Topical Local Anesthetics,,,,,
GCN,37422,NOAD,NOAD_Topical Local Anesthetics,,,,,
GCN,39684,NOAD,NOAD_Topical Local Anesthetics,,,,,
GCN,39982,NOAD,NOAD_Topical Local Anesthetics,,,,,
GCN,39999,NOAD,NOAD_Topical Local Anesthetics,,,,,
GCN,40728,NOAD,NOAD_Topical Local Anesthetics,,,,,
GCN,41569,NOAD,NOAD_Topical Local Anesthetics,,,,,
GCN,42349,NOAD,NOAD_Topical Local Anesthetics,,,,,
GCN,43554,NOAD,NOAD_Topical Local Anesthetics,,,,,
GCN,43754,NOAD,NOAD_Topical Local Anesthetics,,,,,
GCN,44907,NOAD,NOAD_Topical Local Anesthetics,,,,,
GCN,46917,NOAD,NOAD_Topical Local Anesthetics,,,,,
GCN,97001,NOAD,NOAD_Topical Local Anesthetics,,,,,
GCN,44619,NOAD,NOAD_Topical Local Anesthetics,,,,,
GCN,45677,NOAD,NOAD_Topical Local Anesthetics,,,,,
GCN,30482,NOAD,NOAD_Topical Local Anesthetics,,,,,
GCN,97533,NOAD,NOAD_Topical Local Anesthetics,,,,,
GCN,37602,NOAD,NOAD_Topical Local Anesthetics,,,,,
GCN,34485,NOAD,NOAD_Topical Local Anesthetics,,,,,
GCN,34486,NOAD,NOAD_Topical Local Anesthetics,,,,,
GCN,37603,NOAD,NOAD_Topical Local Anesthetics,,,,,
GCN,43952,NOAD,NOAD_Topical Local Anesthetics,,,,,
GCN,45072,NOAD,NOAD_Topical Local Anesthetics,,,,,
GCN,44952,NOAD,NOAD_Topical Local Anesthetics,,,,,
GCN,43881,NOAD,NOAD_Topical Local Anesthetics,,,,,
GCN,25752,NOAD,NOAD_Topical Local Anesthetics,,,,,
GCN,75200,NOAD,NOAD_Topical Local Anesthetics,,,,,
GCN,84610,NOAD,NOAD_Topical Local Anesthetics,,,,,
GCN,84745,NOAD,NOAD_Topical Local Anesthetics,,,,,
GCN,13099,NOAD,NOAD_Topical Local Anesthetics,,,,,
GCN,37702,NOAD,NOAD_Topical Local Anesthetics,,,,,
GCN,41405,NOAD,NOAD_Topical Local Anesthetics,,,,,
GCN,41934,NOAD,NOAD_Topical Local Anesthetics,,,,,
GCN,42754,NOAD,NOAD_Topical Local Anesthetics,,,,,
GCN,42894,NOAD,NOAD_Topical Local Anesthetics,,,,,
GCN,46394,NOAD,NOAD_Topical Local Anesthetics,,,,,
GCN,31613,NOAD,NOAD_Topical Local Anesthetics,,,,,
GCN,34737,NOAD,NOAD_Topical Local Anesthetics,,,,,
GCN,37625,NOAD,NOAD_Topical Local Anesthetics,,,,,
GCN,42016,NOAD,NOAD_Topical Local Anesthetics,,,,,
GCN,46765,NOAD,NOAD_Topical Local Anesthetics,,,,,
GCN,47365,NOAD,NOAD_Topical Local Anesthetics,,,,,
GCN,47375,NOAD,NOAD_Topical Local Anesthetics,,,,,
GCN,30499,NOAD,NOAD_Topical Local Anesthetics,,,,,
GCN,46644,NOAD,NOAD_Topical Local Anesthetics,,,,,
GCN,46696,NOAD,NOAD_Topical Local Anesthetics,,,,,
GCN,47557,NOAD,NOAD_Topical Local Anesthetics,,,,,
GCN,41945,NOAD,NOAD_Topical Local Anesthetics,,,,,
GCN,37559,NOAD,NOAD_Topical Local Anesthetics,,,,,
GCN,41433,NOAD,NOAD_Topical Local Anesthetics,,,,,
GCN,43147,NOAD,NOAD_Topical Local Anesthetics,,,,,
GCN,46425,NOAD,NOAD_Topical Local Anesthetics,,,,,
GCN,05987,NOAD,NOAD_Topical Local Anesthetics,,,,,
GCN,43436,NOAD,NOAD_Topical Local Anesthetics,,,,,
GCN,47357,NOAD,NOAD_Topical Local Anesthetics,,,,,
GCN,59511,NOAD,NOAD_Topical Local Anesthetics,,,,,
GCN,46421,NOAD,NOAD_Topical Local Anesthetics,,,,,
GCN,43694,NOAD,NOAD_Topical Local Anesthetics,,,,,
GCN,43818,NOAD,NOAD_Topical Local Anesthetics,,,,,
GCN,46451,NOAD,NOAD_Topical Local Anesthetics,,,,,
GCN,39819,NOAD,NOAD_Topical Local Anesthetics,,,,,
GCN,24965,NOAD,NOAD_Topical Local Anesthetics,,,,,
GCN,33752,NOAD,NOAD_Topical Local Anesthetics,,,,,
GCN,13097,NOAD,NOAD_Topical Local Anesthetics,,,,,
GCN,42735,NOAD,NOAD_Topical Local Anesthetics,,,,,
GCN,43668,NOAD,NOAD_Topical Local Anesthetics,,,,,
GCN,20549,NOAD,NOAD_Topical Local Anesthetics,,,,,
GCN,23685,NOAD,NOAD_Topical Local Anesthetics,,,,,
GCN,14011,NOAD,NOAD_Topical Local Anesthetics,,,,,
GCN,27752,NOAD,NOAD_Topical Local Anesthetics,,,,,
GCN,19258,NOAD,NOAD_Topical Local Anesthetics,,,,,
GCN,21237,NOAD,NOAD_Analgesics-salicilates,,,,,
GCN,71413,NOAD,NOAD_Analgesics-salicilates,,,,,
GCN,22939,NOAD,NOAD_Analgesics-salicilates,,,,,
GCN,16694,NOAD,NOAD_Analgesics-salicilates,,,,,
GCN,16696,NOAD,NOAD_Analgesics-salicilates,,,,,
GCN,16701,NOAD,NOAD_Analgesics-salicilates,,,,,
GCN,16704,NOAD,NOAD_Analgesics-salicilates,,,,,
GCN,16720,NOAD,NOAD_Analgesics-salicilates,,,,,
GCN,16721,NOAD,NOAD_Analgesics-salicilates,,,,,
GCN,16722,NOAD,NOAD_Analgesics-salicilates,,,,,
GCN,10414,NOAD,NOAD_Analgesics-salicilates,,,,,
GCN,34495,NOAD,NOAD_Analgesics-salicilates,,,,,
GCN,98313,NOAD,NOAD_Analgesics-salicilates,,,,,
GCN,28156,NOAD,NOAD_Analgesics-salicilates,,,,,
GCN,28481,NOAD,NOAD_Analgesics-salicilates,,,,,
GCN,28637,NOAD,NOAD_Analgesics-salicilates,,,,,
GCN,30760,NOAD,NOAD_Analgesics-salicilates,,,,,
GCN,71221,NOAD,NOAD_Analgesics-salicilates,,,,,
GCN,71417,NOAD,NOAD_Analgesics-salicilates,,,,,
GCN,25515,NOAD,NOAD_Analgesics-salicilates,,,,,
GCN,37974,NOAD,NOAD_Analgesics-salicilates,,,,,
GCN,71360,NOAD,NOAD_Analgesics-salicilates,,,,,
GCN,72450,NOAD,NOAD_Analgesics-salicilates,,,,,
GCN,16851,NOAD,NOAD_Analgesics-salicilates,,,,,
GCN,22938,NOAD,NOAD_Analgesics-salicilates,,,,,
GCN,16771,NOAD,NOAD_Analgesics-salicilates,,,,,
GCN,16801,NOAD,NOAD_Analgesics-salicilates,,,,,
GCN,16802,NOAD,NOAD_Analgesics-salicilates,,,,,
GCN,16891,NOAD,NOAD_Analgesics-Non-salicilate,,,,,
GCN,16892,NOAD,NOAD_Analgesics-Non-salicilate,,,,,
GCN,16903,NOAD,NOAD_Analgesics-Non-salicilate,,,,,
GCN,16905,NOAD,NOAD_Analgesics-Non-salicilate,,,,,
GCN,16907,NOAD,NOAD_Analgesics-Non-salicilate,,,,,
GCN,16908,NOAD,NOAD_Analgesics-Non-salicilate,,,,,
GCN,16910,NOAD,NOAD_Analgesics-Non-salicilate,,,,,
GCN,16913,NOAD,NOAD_Analgesics-Non-salicilate,,,,,
GCN,16932,NOAD,NOAD_Analgesics-Non-salicilate,,,,,
GCN,16933,NOAD,NOAD_Analgesics-Non-salicilate,,,,,
GCN,16942,NOAD,NOAD_Analgesics-Non-salicilate,,,,,
GCN,16964,NOAD,NOAD_Analgesics-Non-salicilate,,,,,
GCN,16965,NOAD,NOAD_Analgesics-Non-salicilate,,,,,
GCN,16970,NOAD,NOAD_Analgesics-Non-salicilate,,,,,
GCN,16971,NOAD,NOAD_Analgesics-Non-salicilate,,,,,
GCN,23841,NOAD,NOAD_Analgesics-Non-salicilate,,,,,
GCN,23842,NOAD,NOAD_Analgesics-Non-salicilate,,,,,
GCN,26336,NOAD,NOAD_Analgesics-Non-salicilate,,,,,
GCN,26911,NOAD,NOAD_Analgesics-Non-salicilate,,,,,
GCN,27794,NOAD,NOAD_Analgesics-Non-salicilate,,,,,
GCN,27796,NOAD,NOAD_Analgesics-Non-salicilate,,,,,
GCN,27797,NOAD,NOAD_Analgesics-Non-salicilate,,,,,
GCN,27798,NOAD,NOAD_Analgesics-Non-salicilate,,,,,
GCN,27799,NOAD,NOAD_Analgesics-Non-salicilate,,,,,
GCN,27802,NOAD,NOAD_Analgesics-Non-salicilate,,,,,
GCN,29311,NOAD,NOAD_Analgesics-Non-salicilate,,,,,
GCN,33838,NOAD,NOAD_Analgesics-Non-salicilate,,,,,
GCN,34925,NOAD,NOAD_Analgesics-Non-salicilate,,,,,
GCN,34929,NOAD,NOAD_Analgesics-Non-salicilate,,,,,
GCN,47225,NOAD,NOAD_Analgesics-Non-salicilate,,,,,
GCN,48033,NOAD,NOAD_Analgesics-Non-salicilate,,,,,
GCN,48034,NOAD,NOAD_Analgesics-Non-salicilate,,,,,
GCN,48035,NOAD,NOAD_Analgesics-Non-salicilate,,,,,
GCN,72555,NOAD,NOAD_Analgesics-Non-salicilate,,,,,
GCN,69720,NOAD,NOAD_Analgesics-Non-salicilate,,,,,
GCN,69722,NOAD,NOAD_Analgesics-Non-salicilate,,,,,
GCN,72790,NOAD,NOAD_Analgesics-Non-salicilate,,,,,
GCN,36744,NOAD,NOAD_Analgesics-Non-salicilate,,,,,
GCN,12472,NOAD,NOAD_Antimigraine,,,,,
GCN,13587,NOAD,NOAD_Antimigraine,,,,,
GCN,30891,NOAD,NOAD_Antimigraine,,,,,
GCN,01590,NOAD,NOAD_Antimigraine,,,,,
GCN,24732,NOAD,NOAD_Antimigraine,,,,,
GCN,15173,NOAD,NOAD_Antimigraine,,,,,
GCN,15174,NOAD,NOAD_Antimigraine,,,,,
GCN,47744,NOAD,NOAD_Antimigraine,,,,,
GCN,44753,NOAD,NOAD_Antimigraine,,,,,
GCN,46116,NOAD,NOAD_Antimigraine,,,,,
GCN,17060,NOAD,NOAD_Antimigraine,,,,,
GCN,72930,NOAD,NOAD_Antimigraine,,,,,
GCN,72950,NOAD,NOAD_Antimigraine,,,,,
GCN,45306,NOAD,NOAD_Antimigraine,,,,,
GCN,47862,NOAD,NOAD_Antimigraine,,,,,
GCN,14977,NOAD,NOAD_Antimigraine,,,,,
GCN,40418,NOAD,NOAD_Antimigraine,,,,,
GCN,40419,NOAD,NOAD_Antimigraine,,,,,
GCN,47083,NOAD,NOAD_Antimigraine,,,,,
GCN,47084,NOAD,NOAD_Antimigraine,,,,,
GCN,81111,NOAD,NOAD_Antimigraine,,,,,
GCN,81112,NOAD,NOAD_Antimigraine,,,,,
GCN,47762,NOAD,NOAD_Antimigraine,,,,,
GCN,19591,NOAD,NOAD_Antimigraine,,,,,
GCN,19592,NOAD,NOAD_Antimigraine,,,,,
GCN,19593,NOAD,NOAD_Antimigraine,,,,,
GCN,19594,NOAD,NOAD_Antimigraine,,,,,
GCN,50740,NOAD,NOAD_Antimigraine,,,,,
GCN,50743,NOAD,NOAD_Antimigraine,,,,,
GCN,50744,NOAD,NOAD_Antimigraine,,,,,
GCN,41338,NOAD,NOAD_Antimigraine,,,,,
GCN,99597,NOAD,NOAD_Antimigraine,,,,,
GCN,04428,NOAD,NOAD_Antimigraine,,,,,
GCN,05700,NOAD,NOAD_Antimigraine,,,,,
GCN,05701,NOAD,NOAD_Antimigraine,,,,,
GCN,05702,NOAD,NOAD_Antimigraine,,,,,
GCN,24708,NOAD,NOAD_Antimigraine,,,,,
GCN,26666,NOAD,NOAD_Antimigraine,,,,,
GCN,26667,NOAD,NOAD_Antimigraine,,,,,
GCN,40608,NOAD,NOAD_Antimigraine,,,,,
GCN,40811,NOAD,NOAD_Antimigraine,,,,,
GCN,50741,NOAD,NOAD_Antimigraine,,,,,
GCN,50742,NOAD,NOAD_Antimigraine,,,,,
GCN,47477,NOAD,NOAD_Antimigraine,,,,,
GCN,47478,NOAD,NOAD_Antimigraine,,,,,
GCN,14324,NOAD,NOAD_Antimigraine,,,,,
GCN,18972,NOAD,NOAD_Antimigraine,,,,,
GCN,24217,NOAD,NOAD_Antimigraine,,,,,
GCN,42098,NOAD,NOAD_Antimigraine,,,,,
GCN,46131,NOAD,NOAD_Antimigraine,,,,,
GCN,46132,NOAD,NOAD_Antimigraine,,,,,
GCN,00780,NOAD,NOAD_Gabapentin-Pregabalin,,,,,
GCN,00781,NOAD,NOAD_Gabapentin-Pregabalin,,,,,
GCN,00782,NOAD,NOAD_Gabapentin-Pregabalin,,,,,
GCN,13235,NOAD,NOAD_Gabapentin-Pregabalin,,,,,
GCN,33065,NOAD,NOAD_Gabapentin-Pregabalin,,,,,
GCN,33066,NOAD,NOAD_Gabapentin-Pregabalin,,,,,
GCN,94447,NOAD,NOAD_Gabapentin-Pregabalin,,,,,
GCN,94624,NOAD,NOAD_Gabapentin-Pregabalin,,,,,
GCN,23039,NOAD,NOAD_Gabapentin-Pregabalin,,,,,
GCN,23046,NOAD,NOAD_Gabapentin-Pregabalin,,,,,
GCN,23047,NOAD,NOAD_Gabapentin-Pregabalin,,,,,
GCN,23048,NOAD,NOAD_Gabapentin-Pregabalin,,,,,
GCN,23049,NOAD,NOAD_Gabapentin-Pregabalin,,,,,
GCN,23051,NOAD,NOAD_Gabapentin-Pregabalin,,,,,
GCN,23052,NOAD,NOAD_Gabapentin-Pregabalin,,,,,
GCN,25019,NOAD,NOAD_Gabapentin-Pregabalin,,,,,
GCN,32359,NOAD,NOAD_Gabapentin-Pregabalin,,,,,
GCN,23890,NOAD,NOAD_Irritants-Counter irritants,,,,,
GCN,23910,NOAD,NOAD_Irritants-Counter irritants,,,,,
GCN,28456,NOAD,NOAD_Irritants-Counter irritants,,,,,
GCN,14724,NOAD,NOAD_Irritants-Counter irritants,,,,,
GCN,26529,NOAD,NOAD_Irritants-Counter irritants,,,,,
GCN,45226,NOAD,NOAD_Irritants-Counter irritants,,,,,
GCN,23373,NOAD,NOAD_Irritants-Counter irritants,,,,,
GCN,33560,NOAD,NOAD_Irritants-Counter irritants,,,,,
GCN,33561,NOAD,NOAD_Irritants-Counter irritants,,,,,
GCN,33562,NOAD,NOAD_Irritants-Counter irritants,,,,,
GCN,41436,NOAD,NOAD_Irritants-Counter irritants,,,,,
GCN,99466,NOAD,NOAD_Irritants-Counter irritants,,,,,
GCN,99829,NOAD,NOAD_Irritants-Counter irritants,,,,,
GCN,29507,NOAD,NOAD_Irritants-Counter irritants,,,,,
GCN,26166,NOAD,NOAD_Irritants-Counter irritants,,,,,
GCN,32403,NOAD,NOAD_Irritants-Counter irritants,,,,,
GCN,37664,NOAD,NOAD_Irritants-Counter irritants,,,,,
GCN,37866,NOAD,NOAD_Irritants-Counter irritants,,,,,
GCN,39863,NOAD,NOAD_Irritants-Counter irritants,,,,,
GCN,47036,NOAD,NOAD_Irritants-Counter irritants,,,,,
GCN,98541,NOAD,NOAD_Irritants-Counter irritants,,,,,
GCN,16835,NOAD,NOAD_Irritants-Counter irritants,,,,,
GCN,27395,NOAD,NOAD_Irritants-Counter irritants,,,,,
GCN,27658,NOAD,NOAD_Irritants-Counter irritants,,,,,
GCN,29741,NOAD,NOAD_Irritants-Counter irritants,,,,,
GCN,29754,NOAD,NOAD_Irritants-Counter irritants,,,,,
GCN,29755,NOAD,NOAD_Irritants-Counter irritants,,,,,
GCN,29992,NOAD,NOAD_Irritants-Counter irritants,,,,,
GCN,30211,NOAD,NOAD_Irritants-Counter irritants,,,,,
GCN,33825,NOAD,NOAD_Irritants-Counter irritants,,,,,
GCN,34146,NOAD,NOAD_Irritants-Counter irritants,,,,,
GCN,34249,NOAD,NOAD_Irritants-Counter irritants,,,,,
GCN,34547,NOAD,NOAD_Irritants-Counter irritants,,,,,
GCN,38996,NOAD,NOAD_Irritants-Counter irritants,,,,,
GCN,41725,NOAD,NOAD_Irritants-Counter irritants,,,,,
GCN,43112,NOAD,NOAD_Irritants-Counter irritants,,,,,
GCN,44964,NOAD,NOAD_Irritants-Counter irritants,,,,,
GCN,45847,NOAD,NOAD_Irritants-Counter irritants,,,,,
GCN,28441,NOAD,NOAD_Irritants-Counter irritants,,,,,
GCN,27084,NOAD,NOAD_Irritants-Counter irritants,,,,,
GCN,44932,NOAD,NOAD_Irritants-Counter irritants,,,,,
GCN,45133,NOAD,NOAD_Irritants-Counter irritants,,,,,
GCN,99839,NOAD,NOAD_Irritants-Counter irritants,,,,,
GCN,14205,NOAD,NOAD_Irritants-Counter irritants,,,,,
GCN,15118,NOAD,NOAD_Irritants-Counter irritants,,,,,
GCN,19945,NOAD,NOAD_Irritants-Counter irritants,,,,,
GCN,23821,NOAD,NOAD_Irritants-Counter irritants,,,,,
GCN,28167,NOAD,NOAD_Irritants-Counter irritants,,,,,
GCN,28917,NOAD,NOAD_Irritants-Counter irritants,,,,,
GCN,30171,NOAD,NOAD_Irritants-Counter irritants,,,,,
GCN,30204,NOAD,NOAD_Irritants-Counter irritants,,,,,
GCN,33258,NOAD,NOAD_Irritants-Counter irritants,,,,,
GCN,34864,NOAD,NOAD_Irritants-Counter irritants,,,,,
GCN,35307,NOAD,NOAD_Irritants-Counter irritants,,,,,
GCN,38313,NOAD,NOAD_Irritants-Counter irritants,,,,,
GCN,40159,NOAD,NOAD_Irritants-Counter irritants,,,,,
GCN,40597,NOAD,NOAD_Irritants-Counter irritants,,,,,
GCN,46275,NOAD,NOAD_Irritants-Counter irritants,,,,,
GCN,47185,NOAD,NOAD_Irritants-Counter irritants,,,,,
GCN,48050,NOAD,NOAD_Irritants-Counter irritants,,,,,
GCN,48052,NOAD,NOAD_Irritants-Counter irritants,,,,,
GCN,48053,NOAD,NOAD_Irritants-Counter irritants,,,,,
GCN,48058,NOAD,NOAD_Irritants-Counter irritants,,,,,
GCN,48059,NOAD,NOAD_Irritants-Counter irritants,,,,,
GCN,93616,NOAD,NOAD_Irritants-Counter irritants,,,,,
GCN,94727,NOAD,NOAD_Irritants-Counter irritants,,,,,
GCN,99396,NOAD,NOAD_Irritants-Counter irritants,,,,,
GCN,20904,NOAD,NOAD_Irritants-Counter irritants,,,,,
GCN,99490,NOAD,NOAD_Irritants-Counter irritants,,,,,
GCN,99495,NOAD,NOAD_Irritants-Counter irritants,,,,,
GCN,16194,NOAD,NOAD_Irritants-Counter irritants,,,,,
GCN,16015,NOAD,NOAD_Irritants-Counter irritants,,,,,
GCN,21433,NOAD,NOAD_Irritants-Counter irritants,,,,,
GCN,21588,NOAD,NOAD_Irritants-Counter irritants,,,,,
GCN,30887,NOAD,NOAD_Irritants-Counter irritants,,,,,
GCN,42021,NOAD,NOAD_Irritants-Counter irritants,,,,,
GCN,42169,NOAD,NOAD_Irritants-Counter irritants,,,,,
GCN,46959,NOAD,NOAD_Irritants-Counter irritants,,,,,
GCN,79831,NOAD,NOAD_Irritants-Counter irritants,,,,,
GCN,80890,NOAD,NOAD_Irritants-Counter irritants,,,,,
GCN,91154,NOAD,NOAD_Irritants-Counter irritants,,,,,
GCN,98765,NOAD,NOAD_Irritants-Counter irritants,,,,,
GCN,26365,NOAD,NOAD_Irritants-Counter irritants,,,,,
GCN,26367,NOAD,NOAD_Irritants-Counter irritants,,,,,
GCN,26762,NOAD,NOAD_Irritants-Counter irritants,,,,,
GCN,80749,NOAD,NOAD_Irritants-Counter irritants,,,,,
GCN,46875,NOAD,NOAD_Irritants-Counter irritants,,,,,
GCN,21502,NOAD,NOAD_Irritants-Counter irritants,,,,,
GCN,64840,NOAD,NOAD_Irritants-Counter irritants,,,,,
GCN,73950,NOAD,NOAD_Irritants-Counter irritants,,,,,
GCN,23710,NOAD,NOAD_Irritants-Counter irritants,,,,,
GCN,23712,NOAD,NOAD_Irritants-Counter irritants,,,,,
GCN,23740,NOAD,NOAD_Irritants-Counter irritants,,,,,
GCN,23780,NOAD,NOAD_Irritants-Counter irritants,,,,,
GCN,40284,NOAD,NOAD_Irritants-Counter irritants,,,,,
GCN,54979,NOAD,NOAD_Irritants-Counter irritants,,,,,
GCN,47254,NOAD,NOAD_Irritants-Counter irritants,,,,,
GCN,21564,NOAD,NOAD_Irritants-Counter irritants,,,,,
GCN,24719,NOAD,NOAD_Irritants-Counter irritants,,,,,
GCN,44278,NOAD,NOAD_Irritants-Counter irritants,,,,,
GCN,46845,NOAD,NOAD_Irritants-Counter irritants,,,,,
GCN,80480,NOAD,NOAD_Irritants-Counter irritants,,,,,
GCN,99130,NOAD,NOAD_Irritants-Counter irritants,,,,,
GCN,09053,NOAD,NOAD_Irritants-Counter irritants,,,,,
GCN,18333,NOAD,NOAD_Irritants-Counter irritants,,,,,
GCN,21593,NOAD,NOAD_Irritants-Counter irritants,,,,,
GCN,29582,NOAD,NOAD_Irritants-Counter irritants,,,,,
GCN,32290,NOAD,NOAD_Irritants-Counter irritants,,,,,
GCN,35412,NOAD,NOAD_Irritants-Counter irritants,,,,,
GCN,35758,NOAD,NOAD_Irritants-Counter irritants,,,,,
GCN,35957,NOAD,NOAD_Irritants-Counter irritants,,,,,
GCN,47059,NOAD,NOAD_Irritants-Counter irritants,,,,,
GCN,80619,NOAD,NOAD_Irritants-Counter irritants,,,,,
GCN,91814,NOAD,NOAD_Irritants-Counter irritants,,,,,
GCN,97179,NOAD,NOAD_Irritants-Counter irritants,,,,,
GCN,97586,NOAD,NOAD_Irritants-Counter irritants,,,,,
GCN,98033,NOAD,NOAD_Irritants-Counter irritants,,,,,
GCN,98902,NOAD,NOAD_Irritants-Counter irritants,,,,,
GCN,99667,NOAD,NOAD_Irritants-Counter irritants,,,,,
GCN,14233,NOAD,NOAD_Irritants-Counter irritants,,,,,
GCN,40346,NOAD,NOAD_Irritants-Counter irritants,,,,,
GCN,20403,NOAD,NOAD_Irritants-Counter irritants,,,,,
GCN,23960,NOAD,NOAD_Irritants-Counter irritants,,,,,
GCN,24090,NOAD,NOAD_Irritants-Counter irritants,,,,,
GCN,24130,NOAD,NOAD_Irritants-Counter irritants,,,,,
GCN,28765,NOAD,NOAD_Irritants-Counter irritants,,,,,
GCN,35225,NOAD,NOAD_Irritants-Counter irritants,,,,,
GCN,70331,SAO,SAO_Hydrocodone combination products,,,,,
GCN,70134,SAO,SAO_Codeine Combination Products,,,,,
GCN,70491,SAO,SAO_Oxycodone combination products,,,,,
GCN,14966,SAO,SAO_Oxycodone combination products,,,,,
GCN,07221,SAO,SAO_Tramadol,,,,,
GCN,70335,SAO,SAO_Hydrocodone combination products,,,,,
GCN,12486,SAO,SAO_Hydrocodone combination products,,,,,
GCN,20092,SAO,SAO_Oxycodone,,,,,
GCN,70339,SAO,SAO_Hydrocodone combination products,,,,,
GCN,13909,SAO,SAO_Tramadol Combination products,,,,,
GCN,12488,SAO,SAO_Hydrocodone combination products,,,,,
GCN,70330,SAO,SAO_Hydrocodone combination products,,,,,
GCN,16290,SAO,SAO_Oxycodone,,,,,
GCN,70334,SAO,SAO_Hydrocodone combination products,,,,,
GCN,16291,SAO,SAO_Oxycodone,,,,,
GCN,16420,SAO,SAO_Methadone,,,,,
GCN,16070,SAO,SAO_Morphine,,,,,
GCN,20091,SAO,SAO_Oxycodone,,,,,
GCN,16143,SAO,SAO_Hydromorphone,,,,,
GCN,16141,SAO,SAO_Hydromorphone,,,,,
GCN,70931,SAO,SAO_Propoxyphene & combinations,,,,,
GCN,70136,SAO,SAO_Codeine Combination Products,,,,,
GCN,63101,SAO,SAO_Hydrocodone combination products,,,,,
GCN,14965,SAO,SAO_Oxycodone combination products,,,,,
GCN,70363,SAO,SAO_Hydrocodone combination products,,,,,
GCN,21194,SAO,SAO_Oxycodone,,,,,
GCN,16071,SAO,SAO_Morphine,,,,,
GCN,70131,SAO,SAO_Codeine Combination Products,,,,,
GCN,50766,SAO,SAO_Oxycodone combination products,,,,,
GCN,16422,SAO,SAO_Methadone,,,,,
GCN,70332,SAO,SAO_Hydrocodone combination products,,,,,
GCN,26163,SAO,SAO_Tapentadol,,,,,
GCN,26470,SAO,SAO_Hydrocodone combination products,,,,,
GCN,16144,SAO,SAO_Hydromorphone,,,,,
GCN,50756,SAO,SAO_Oxycodone combination products,,,,,
GCN,26165,SAO,SAO_Tapentadol,,,,,
GCN,26709,SAO,SAO_Hydrocodone combination products,,,,,
GCN,16285,SAO,SAO_Oxycodone,,,,,
GCN,26164,SAO,SAO_Tapentadol,,,,,
GCN,16423,SAO,SAO_Methadone,,,,,
GCN,70338,SAO,SAO_Hydrocodone combination products,,,,,
GCN,96041,SAO,SAO_Hydrocodone combination products,,,,,
GCN,70933,SAO,SAO_Propoxyphene & combinations,,,,,
GCN,70140,SAO,SAO_Codeine Combination Products,,,,,
GCN,27244,SAO,SAO_Oxymorphone,,,,,
GCN,70492,SAO,SAO_Oxycodone combination products,,,,,
GCN,20524,SAO,SAO_Tramadol,,,,,
GCN,99240,SAO,SAO_Oxycodone,,,,,
GCN,16241,SAO,SAO_Codeine,,,,,
GCN,27243,SAO,SAO_Oxymorphone,,,,,
GCN,69500,SAO,SAO_Codeine Combination Products,,,,,
GCN,15991,SAO,SAO_Meperidine,,,,,
GCN,71060,SAO,SAO_Pentazocine combinations,,,,,
GCN,22929,SAO,SAO_Hydrocodone combination products,,,,,
GCN,70333,SAO,SAO_Hydrocodone combination products,,,,,
GCN,70500,SAO,SAO_Oxycodone combination products,,,,,
GCN,70481,SAO,SAO_Oxycodone combination products,,,,,
GCN,23827,SAO,SAO_Oxycodone combination products,,,,,
GCN,70403,SAO,SAO_Hydrocodone combination products,,,,,
GCN,16240,SAO,SAO_Codeine,,,,,
GCN,19194,SAO,SAO_Fentanyl,,,,,
GCN,15990,SAO,SAO_Meperidine,,,,,
GCN,19206,SAO,SAO_Fentanyl,,,,,
GCN,85319,SAO,SAO_Hydrocodone combination products,,,,,
GCN,19192,SAO,SAO_Fentanyl,,,,,
GCN,16242,SAO,SAO_Codeine,,,,,
GCN,19191,SAO,SAO_Fentanyl,,,,,
GCN,26836,SAO,SAO_Oxycodone combination products,,,,,
GCN,34988,SAO,SAO_Codeine Combination Products,,,,,
GCN,97285,SAO,SAO_Fentanyl,,,,,
GCN,19204,SAO,SAO_Fentanyl,,,,,
GCN,24375,SAO,SAO_Propoxyphene & combinations,,,,,
GCN,19193,SAO,SAO_Fentanyl,,,,,
GCN,16350,SAO,SAO_Levorphanol Tartrate,,,,,
GCN,22678,SAO,SAO_Hydrocodone combination products,,,,,
GCN,13995,SAO,SAO_Codeine Combination Products,,,,,
GCN,97281,SAO,SAO_Fentanyl,,,,,
GCN,97283,SAO,SAO_Fentanyl,,,,,
GCN,71050,SAO,SAO_Pentazocine combinations,,,,,
GCN,16130,SAO,SAO_Hydromorphone,,,,,
GCN,70925,SAO,SAO_Propoxyphene & combinations,,,,,
GCN,97284,SAO,SAO_Fentanyl,,,,,
GCN,70402,SAO,SAO_Hydrocodone combination products,,,,,
GCN,16231,SAO,SAO_Codeine,,,,,
GCN,41517,SAO,SAO_Codeine Combination Products,,,,,
GCN,97280,SAO,SAO_Fentanyl,,,,,
GCN,70490,SAO,SAO_Oxycodone combination products,,,,,
GCN,70401,SAO,SAO_Hydrocodone combination products,,,,,
GCN,70337,SAO,SAO_Hydrocodone combination products,,,,,
GCN,24513,SAO,SAO_Morphine,,,,,
GCN,16481,SAO,SAO_Propoxyphene & combinations,,,,,
GCN,99371,SAO,SAO_Hydrocodone combination products,,,,,
GCN,69916,SAO,SAO_Codeine Combination Products,,,,,
GCN,70320,SAO,SAO_Hydrocodone combination products,,,,,
GCN,24514,SAO,SAO_Morphine,,,,,
GCN,24512,SAO,SAO_Morphine,,,,,
GCN,70270,SAO,SAO_Codeine Combination Products,,,,,
GCN,36243,SAO,SAO_Oxycodone combination products,,,,,
GCN,32047,SAO,SAO_Oxycodone,,,,,
GCN,69913,SAO,SAO_Codeine Combination Products,,,,,
GCN,37532,SAO,SAO_Codeine Combination Products,,,,,
GCN,26954,SAO,SAO_Oxycodone combination products,,,,,
GCN,16051,SAO,SAO_Morphine,,,,,
GCN,31256,SAO,SAO_Oxycodone,,,,,
GCN,20906,SAO,SAO_Hydrocodone combination products,,,,,
GCN,26956,SAO,SAO_Oxycodone combination products,,,,,
GCN,97876,SAO,SAO_Oxycodone combination products,,,,,
GCN,16052,SAO,SAO_Morphine,,,,,
GCN,16179,SAO,SAO_Fentanyl,,,,,
GCN,98934,SAO,SAO_Fentanyl,,,,,
GCN,27648,SAO,SAO_Fentanyl,,,,,
GCN,16232,SAO,SAO_Codeine,,,,,
GCN,16182,SAO,SAO_Fentanyl,,,,,
GCN,97874,SAO,SAO_Oxycodone combination products,,,,,
GCN,16053,SAO,SAO_Morphine,,,,,
GCN,16279,SAO,SAO_Hydrocodone combination products,,,,,
GCN,16183,SAO,SAO_Fentanyl,,,,,
GCN,97873,SAO,SAO_Oxycodone combination products,,,,,
GCN,16178,SAO,SAO_Fentanyl,,,,,
GCN,26955,SAO,SAO_Oxycodone combination products,,,,,
GCN,16184,SAO,SAO_Fentanyl,,,,,
GCN,27545,SAO,SAO_Fentanyl,,,,,
GCN,27547,SAO,SAO_Fentanyl,,,,,
GCN,16054,SAO,SAO_Morphine,,,,,
GCN,69320,SAO,SAO_Meperidine,,,,,
GCN,29146,SAO,SAO_Fentanyl,,,,,
GCN,28809,SAO,SAO_Codeine Combination Products,,,,,
GCN,27245,SAO,SAO_Oxycodone combination products,,,,,
GCN,52540,SUD,SUD_Lucemyra-Opioid Withdrawl,,,,,
GCN,64673,SUD,SUD_Buprenorphine-Induction Opioid Dependence When Naloxone Intolerant or Contraindicated ,,,,,
GCN,64672,SUD,SUD_Buprenorphine-Induction Opioid Dependence When Naloxone Intolerant or Contraindicated ,,,,,
GCN,24749,SUD,SUD_Buprenorphine-Induction Opioid Dependence When Naloxone Intolerant or Contraindicated ,,,,,
GCN,44186,SUD,SUD_Buprenorphine Injection-opioid dependence maintance,,,,,
GCN,44187,SUD,SUD_Buprenorphine Injection-opioid dependence maintance,,,,,
GCN,41432,SUD,SUD_Buprenorphine Injection-opioid dependence maintance,,,,,
GCN,28959,SUD,SUD_Buprenorphine/Naloxone  Combinations-opioid dependence maintance,,,,,
GCN,33744,SUD,SUD_Buprenorphine/Naloxone  Combinations-opioid dependence maintance,,,,,
GCN,33741,SUD,SUD_Buprenorphine/Naloxone  Combinations-opioid dependence maintance,,,,,
GCN,28958,SUD,SUD_Buprenorphine/Naloxone  Combinations-opioid dependence maintance,,,,,
GCN,18974,SUD,SUD_Buprenorphine/Naloxone  Combinations-opioid dependence maintance,,,,,
GCN,34905,SUD,SUD_Buprenorphine/Naloxone  Combinations-opioid dependence maintance,,,,,
GCN,37823,SUD,SUD_Buprenorphine/Naloxone  Combinations-opioid dependence maintance,,,,,
GCN,18973,SUD,SUD_Buprenorphine/Naloxone  Combinations-opioid dependence maintance,,,,,
GCN,39394,SUD,SUD_Buprenorphine/Naloxone  Combinations-opioid dependence maintance,,,,,
GCN,37824,SUD,SUD_Buprenorphine/Naloxone  Combinations-opioid dependence maintance,,,,,
GCN,34904,SUD,SUD_Buprenorphine/Naloxone  Combinations-opioid dependence maintance,,,,,
GCN,42843,SUD,SUD_Buprenorphine/Naloxone  Combinations-opioid dependence maintance,,,,,
GCN,36679,SUD,SUD_Buprenorphine/Naloxone  Combinations-opioid dependence maintance,,,,,
GCN,36678,SUD,SUD_Buprenorphine/Naloxone  Combinations-opioid dependence maintance,,,,,
GCN,36677,SUD,SUD_Buprenorphine/Naloxone  Combinations-opioid dependence maintance,,,,,
GCN,27095,SUD,SUD_Naltrexone injection opioid or alcohol dependence-maintance therapy,,,,,
GCN,17070,SUD,SUD_Naltrexone oral opioid or alcohol dependence-maintance therapy,,,,,
